step,timestamp,event_type,entity_id,details
2,2025-10-10T01:50:42.709295,patron_state_change,P001,"{""from_state"": ""spawning"", ""to_state"": ""roaming"", ""patron_type"": ""family"", ""position"": [23, 1]}"
2,2025-10-10T01:50:42.709315,patron_state_change,P002,"{""from_state"": ""spawning"", ""to_state"": ""roaming"", ""patron_type"": ""impatient"", ""position"": [23, 1]}"
2,2025-10-10T01:50:42.709319,patron_state_change,P010,"{""from_state"": ""spawning"", ""to_state"": ""roaming"", ""patron_type"": ""impatient"", ""position"": [23, 1]}"
2,2025-10-10T01:50:42.709321,patron_state_change,P012,"{""from_state"": ""spawning"", ""to_state"": ""roaming"", ""patron_type"": ""adventurer"", ""position"": [1, 2]}"
2,2025-10-10T01:50:42.709324,patron_state_change,P013,"{""from_state"": ""spawning"", ""to_state"": ""roaming"", ""patron_type"": ""family"", ""position"": [23, 1]}"
2,2025-10-10T01:50:42.709327,patron_state_change,P014,"{""from_state"": ""spawning"", ""to_state"": ""roaming"", ""patron_type"": ""impatient"", ""position"": [23, 1]}"
2,2025-10-10T01:50:42.709329,patron_state_change,P018,"{""from_state"": ""spawning"", ""to_state"": ""roaming"", ""patron_type"": ""impatient"", ""position"": [1, 2]}"
2,2025-10-10T01:50:42.709332,patron_state_change,P027,"{""from_state"": ""spawning"", ""to_state"": ""roaming"", ""patron_type"": ""explorer"", ""position"": [23, 1]}"
2,2025-10-10T01:50:42.709334,patron_state_change,P035,"{""from_state"": ""spawning"", ""to_state"": ""roaming"", ""patron_type"": ""explorer"", ""position"": [1, 2]}"
2,2025-10-10T01:50:42.709336,patron_state_change,P037,"{""from_state"": ""spawning"", ""to_state"": ""roaming"", ""patron_type"": ""family"", ""position"": [1, 2]}"
2,2025-10-10T01:50:42.709339,patron_state_change,P041,"{""from_state"": ""spawning"", ""to_state"": ""roaming"", ""patron_type"": ""family"", ""position"": [1, 2]}"
2,2025-10-10T01:50:42.709341,patron_state_change,P044,"{""from_state"": ""spawning"", ""to_state"": ""roaming"", ""patron_type"": ""adventurer"", ""position"": [1, 2]}"
2,2025-10-10T01:50:42.709344,patron_state_change,P046,"{""from_state"": ""spawning"", ""to_state"": ""roaming"", ""patron_type"": ""impatient"", ""position"": [23, 1]}"
2,2025-10-10T01:50:42.709346,patron_state_change,P053,"{""from_state"": ""spawning"", ""to_state"": ""roaming"", ""patron_type"": ""family"", ""position"": [23, 1]}"
2,2025-10-10T01:50:42.709348,patron_state_change,P054,"{""from_state"": ""spawning"", ""to_state"": ""roaming"", ""patron_type"": ""impatient"", ""position"": [23, 1]}"
2,2025-10-10T01:50:42.709351,patron_state_change,P057,"{""from_state"": ""spawning"", ""to_state"": ""roaming"", ""patron_type"": ""family"", ""position"": [1, 2]}"
3,2025-10-10T01:50:42.906241,patron_state_change,P001,"{""from_state"": ""roaming"", ""to_state"": ""queueing"", ""patron_type"": ""family"", ""position"": [23, 1]}"
3,2025-10-10T01:50:42.906261,patron_state_change,P002,"{""from_state"": ""roaming"", ""to_state"": ""queueing"", ""patron_type"": ""impatient"", ""position"": [23, 1]}"
3,2025-10-10T01:50:42.906265,patron_state_change,P003,"{""from_state"": ""spawning"", ""to_state"": ""roaming"", ""patron_type"": ""explorer"", ""position"": [23, 1]}"
3,2025-10-10T01:50:42.906268,patron_state_change,P004,"{""from_state"": ""spawning"", ""to_state"": ""roaming"", ""patron_type"": ""adventurer"", ""position"": [23, 1]}"
3,2025-10-10T01:50:42.906271,patron_state_change,P005,"{""from_state"": ""spawning"", ""to_state"": ""roaming"", ""patron_type"": ""family"", ""position"": [1, 2]}"
3,2025-10-10T01:50:42.906274,patron_state_change,P010,"{""from_state"": ""roaming"", ""to_state"": ""queueing"", ""patron_type"": ""impatient"", ""position"": [23, 1]}"
3,2025-10-10T01:50:42.906277,patron_state_change,P012,"{""from_state"": ""roaming"", ""to_state"": ""queueing"", ""patron_type"": ""adventurer"", ""position"": [1, 2]}"
3,2025-10-10T01:50:42.906280,patron_state_change,P013,"{""from_state"": ""roaming"", ""to_state"": ""queueing"", ""patron_type"": ""family"", ""position"": [23, 1]}"
3,2025-10-10T01:50:42.906282,patron_state_change,P015,"{""from_state"": ""spawning"", ""to_state"": ""roaming"", ""patron_type"": ""explorer"", ""position"": [23, 1]}"
3,2025-10-10T01:50:42.906286,patron_state_change,P018,"{""from_state"": ""roaming"", ""to_state"": ""queueing"", ""patron_type"": ""impatient"", ""position"": [1, 2]}"
3,2025-10-10T01:50:42.906289,patron_state_change,P019,"{""from_state"": ""spawning"", ""to_state"": ""roaming"", ""patron_type"": ""explorer"", ""position"": [23, 1]}"
3,2025-10-10T01:50:42.906292,patron_state_change,P024,"{""from_state"": ""spawning"", ""to_state"": ""roaming"", ""patron_type"": ""adventurer"", ""position"": [23, 1]}"
3,2025-10-10T01:50:42.906295,patron_state_change,P028,"{""from_state"": ""spawning"", ""to_state"": ""roaming"", ""patron_type"": ""adventurer"", ""position"": [1, 2]}"
3,2025-10-10T01:50:42.906298,patron_state_change,P032,"{""from_state"": ""spawning"", ""to_state"": ""roaming"", ""patron_type"": ""adventurer"", ""position"": [1, 2]}"
3,2025-10-10T01:50:42.906300,patron_state_change,P033,"{""from_state"": ""spawning"", ""to_state"": ""roaming"", ""patron_type"": ""family"", ""position"": [1, 2]}"
3,2025-10-10T01:50:42.906303,patron_state_change,P035,"{""from_state"": ""roaming"", ""to_state"": ""queueing"", ""patron_type"": ""explorer"", ""position"": [1, 2]}"
3,2025-10-10T01:50:42.906306,patron_state_change,P044,"{""from_state"": ""roaming"", ""to_state"": ""queueing"", ""patron_type"": ""adventurer"", ""position"": [1, 2]}"
3,2025-10-10T01:50:42.906309,patron_state_change,P051,"{""from_state"": ""spawning"", ""to_state"": ""roaming"", ""patron_type"": ""explorer"", ""position"": [23, 1]}"
3,2025-10-10T01:50:42.906312,patron_state_change,P053,"{""from_state"": ""roaming"", ""to_state"": ""queueing"", ""patron_type"": ""family"", ""position"": [23, 1]}"
3,2025-10-10T01:50:42.906314,patron_state_change,P055,"{""from_state"": ""spawning"", ""to_state"": ""roaming"", ""patron_type"": ""explorer"", ""position"": [23, 1]}"
3,2025-10-10T01:50:42.906317,patron_state_change,P058,"{""from_state"": ""spawning"", ""to_state"": ""roaming"", ""patron_type"": ""impatient"", ""position"": [1, 2]}"
4,2025-10-10T01:50:43.121218,patron_state_change,P028,"{""from_state"": ""roaming"", ""to_state"": ""queueing"", ""patron_type"": ""adventurer"", ""position"": [1, 2]}"
4,2025-10-10T01:50:43.121231,patron_state_change,P031,"{""from_state"": ""spawning"", ""to_state"": ""roaming"", ""patron_type"": ""explorer"", ""position"": [1, 2]}"
4,2025-10-10T01:50:43.121233,patron_state_change,P032,"{""from_state"": ""roaming"", ""to_state"": ""queueing"", ""patron_type"": ""adventurer"", ""position"": [1, 2]}"
4,2025-10-10T01:50:43.121235,patron_state_change,P034,"{""from_state"": ""spawning"", ""to_state"": ""roaming"", ""patron_type"": ""impatient"", ""position"": [1, 2]}"
4,2025-10-10T01:50:43.121238,patron_state_change,P038,"{""from_state"": ""spawning"", ""to_state"": ""roaming"", ""patron_type"": ""impatient"", ""position"": [23, 1]}"
4,2025-10-10T01:50:43.121239,patron_state_change,P040,"{""from_state"": ""spawning"", ""to_state"": ""roaming"", ""patron_type"": ""adventurer"", ""position"": [1, 2]}"
4,2025-10-10T01:50:43.121241,patron_state_change,P047,"{""from_state"": ""spawning"", ""to_state"": ""roaming"", ""patron_type"": ""explorer"", ""position"": [23, 1]}"
4,2025-10-10T01:50:43.121243,patron_state_change,P050,"{""from_state"": ""spawning"", ""to_state"": ""roaming"", ""patron_type"": ""impatient"", ""position"": [23, 1]}"
4,2025-10-10T01:50:43.121245,patron_state_change,P056,"{""from_state"": ""spawning"", ""to_state"": ""roaming"", ""patron_type"": ""adventurer"", ""position"": [23, 1]}"
4,2025-10-10T01:50:43.121248,ride_state_change,Ride1,"{""from_state"": ""idle"", ""to_state"": ""loading"", ""capacity"": 12, ""current_riders"": 0, ""queue_length"": 6}"
4,2025-10-10T01:50:43.121250,ride_state_change,Ride2,"{""from_state"": ""idle"", ""to_state"": ""loading"", ""capacity"": 20, ""current_riders"": 0, ""queue_length"": 5}"
5,2025-10-10T01:50:43.326145,patron_state_change,P011,"{""from_state"": ""spawning"", ""to_state"": ""roaming"", ""patron_type"": ""explorer"", ""position"": [1, 2]}"
5,2025-10-10T01:50:43.326163,patron_state_change,P023,"{""from_state"": ""spawning"", ""to_state"": ""roaming"", ""patron_type"": ""explorer"", ""position"": [1, 2]}"
5,2025-10-10T01:50:43.326165,patron_state_change,P025,"{""from_state"": ""spawning"", ""to_state"": ""roaming"", ""patron_type"": ""family"", ""position"": [1, 2]}"
5,2025-10-10T01:50:43.326168,patron_state_change,P030,"{""from_state"": ""spawning"", ""to_state"": ""roaming"", ""patron_type"": ""impatient"", ""position"": [1, 2]}"
5,2025-10-10T01:50:43.326171,patron_state_change,P036,"{""from_state"": ""spawning"", ""to_state"": ""roaming"", ""patron_type"": ""adventurer"", ""position"": [1, 2]}"
5,2025-10-10T01:50:43.326173,patron_state_change,P040,"{""from_state"": ""roaming"", ""to_state"": ""queueing"", ""patron_type"": ""adventurer"", ""position"": [1, 2]}"
5,2025-10-10T01:50:43.326175,patron_state_change,P045,"{""from_state"": ""spawning"", ""to_state"": ""roaming"", ""patron_type"": ""family"", ""position"": [1, 2]}"
5,2025-10-10T01:50:43.326177,patron_state_change,P059,"{""from_state"": ""spawning"", ""to_state"": ""roaming"", ""patron_type"": ""explorer"", ""position"": [1, 2]}"
6,2025-10-10T01:50:43.541480,patron_state_change,P001,"{""from_state"": ""queueing"", ""to_state"": ""riding"", ""patron_type"": ""family"", ""position"": [23, 1]}"
6,2025-10-10T01:50:43.541487,patron_state_change,P009,"{""from_state"": ""spawning"", ""to_state"": ""roaming"", ""patron_type"": ""family"", ""position"": [23, 1]}"
6,2025-10-10T01:50:43.541490,patron_state_change,P012,"{""from_state"": ""queueing"", ""to_state"": ""riding"", ""patron_type"": ""adventurer"", ""position"": [1, 2]}"
6,2025-10-10T01:50:43.541492,patron_state_change,P016,"{""from_state"": ""spawning"", ""to_state"": ""roaming"", ""patron_type"": ""adventurer"", ""position"": [1, 2]}"
6,2025-10-10T01:50:43.541493,patron_state_change,P017,"{""from_state"": ""spawning"", ""to_state"": ""roaming"", ""patron_type"": ""family"", ""position"": [1, 2]}"
6,2025-10-10T01:50:43.541496,patron_state_change,P026,"{""from_state"": ""spawning"", ""to_state"": ""roaming"", ""patron_type"": ""impatient"", ""position"": [1, 2]}"
6,2025-10-10T01:50:43.541497,patron_state_change,P036,"{""from_state"": ""roaming"", ""to_state"": ""queueing"", ""patron_type"": ""adventurer"", ""position"": [1, 2]}"
6,2025-10-10T01:50:43.541499,patron_state_change,P039,"{""from_state"": ""spawning"", ""to_state"": ""roaming"", ""patron_type"": ""explorer"", ""position"": [1, 2]}"
6,2025-10-10T01:50:43.541501,patron_state_change,P043,"{""from_state"": ""spawning"", ""to_state"": ""roaming"", ""patron_type"": ""explorer"", ""position"": [1, 2]}"
6,2025-10-10T01:50:43.541503,patron_state_change,P049,"{""from_state"": ""spawning"", ""to_state"": ""roaming"", ""patron_type"": ""family"", ""position"": [23, 1]}"
7,2025-10-10T01:50:43.744032,patron_state_change,P000,"{""from_state"": ""spawning"", ""to_state"": ""roaming"", ""patron_type"": ""adventurer"", ""position"": [23, 1]}"
7,2025-10-10T01:50:43.744044,patron_state_change,P006,"{""from_state"": ""spawning"", ""to_state"": ""roaming"", ""patron_type"": ""impatient"", ""position"": [1, 2]}"
7,2025-10-10T01:50:43.744046,patron_state_change,P007,"{""from_state"": ""spawning"", ""to_state"": ""roaming"", ""patron_type"": ""explorer"", ""position"": [1, 2]}"
7,2025-10-10T01:50:43.744048,patron_state_change,P008,"{""from_state"": ""spawning"", ""to_state"": ""roaming"", ""patron_type"": ""adventurer"", ""position"": [1, 2]}"
7,2025-10-10T01:50:43.744049,patron_state_change,P009,"{""from_state"": ""roaming"", ""to_state"": ""queueing"", ""patron_type"": ""family"", ""position"": [23, 1]}"
7,2025-10-10T01:50:43.744051,patron_state_change,P020,"{""from_state"": ""spawning"", ""to_state"": ""roaming"", ""patron_type"": ""adventurer"", ""position"": [23, 1]}"
7,2025-10-10T01:50:43.744053,patron_state_change,P021,"{""from_state"": ""spawning"", ""to_state"": ""roaming"", ""patron_type"": ""family"", ""position"": [1, 2]}"
7,2025-10-10T01:50:43.744054,patron_state_change,P022,"{""from_state"": ""spawning"", ""to_state"": ""roaming"", ""patron_type"": ""impatient"", ""position"": [23, 1]}"
7,2025-10-10T01:50:43.744056,patron_state_change,P029,"{""from_state"": ""spawning"", ""to_state"": ""roaming"", ""patron_type"": ""family"", ""position"": [23, 1]}"
7,2025-10-10T01:50:43.744058,patron_state_change,P042,"{""from_state"": ""spawning"", ""to_state"": ""roaming"", ""patron_type"": ""impatient"", ""position"": [23, 1]}"
7,2025-10-10T01:50:43.744059,patron_state_change,P048,"{""from_state"": ""spawning"", ""to_state"": ""roaming"", ""patron_type"": ""adventurer"", ""position"": [1, 2]}"
7,2025-10-10T01:50:43.744061,patron_state_change,P049,"{""from_state"": ""roaming"", ""to_state"": ""queueing"", ""patron_type"": ""family"", ""position"": [23, 1]}"
7,2025-10-10T01:50:43.744063,patron_state_change,P052,"{""from_state"": ""spawning"", ""to_state"": ""roaming"", ""patron_type"": ""adventurer"", ""position"": [1, 2]}"
8,2025-10-10T01:50:43.961082,patron_state_change,P002,"{""from_state"": ""queueing"", ""to_state"": ""riding"", ""patron_type"": ""impatient"", ""position"": [23, 1]}"
8,2025-10-10T01:50:43.961089,patron_state_change,P008,"{""from_state"": ""roaming"", ""to_state"": ""queueing"", ""patron_type"": ""adventurer"", ""position"": [1, 2]}"
8,2025-10-10T01:50:43.961092,patron_state_change,P018,"{""from_state"": ""queueing"", ""to_state"": ""riding"", ""patron_type"": ""impatient"", ""position"": [1, 2]}"
8,2025-10-10T01:50:43.961094,patron_state_change,P029,"{""from_state"": ""roaming"", ""to_state"": ""queueing"", ""patron_type"": ""family"", ""position"": [23, 1]}"
9,2025-10-10T01:50:44.184475,patron_state_change,P006,"{""from_state"": ""roaming"", ""to_state"": ""queueing"", ""patron_type"": ""impatient"", ""position"": [1.7525766947068777, 2.658504607868518]}"
9,2025-10-10T01:50:44.184485,patron_state_change,P007,"{""from_state"": ""roaming"", ""to_state"": ""queueing"", ""patron_type"": ""explorer"", ""position"": [1.685619930279656, 2.141157044469341]}"
9,2025-10-10T01:50:44.184487,patron_state_change,P008,"{""from_state"": ""queueing"", ""to_state"": ""riding"", ""patron_type"": ""adventurer"", ""position"": [1, 2]}"
9,2025-10-10T01:50:44.184489,patron_state_change,P011,"{""from_state"": ""roaming"", ""to_state"": ""queueing"", ""patron_type"": ""explorer"", ""position"": [2.371239860559312, 2.2823140889386817]}"
9,2025-10-10T01:50:44.184491,patron_state_change,P016,"{""from_state"": ""roaming"", ""to_state"": ""queueing"", ""patron_type"": ""adventurer"", ""position"": [2.492820323027551, 1.6]}"
9,2025-10-10T01:50:44.184494,patron_state_change,P028,"{""from_state"": ""queueing"", ""to_state"": ""riding"", ""patron_type"": ""adventurer"", ""position"": [1, 2]}"
9,2025-10-10T01:50:44.184495,patron_state_change,P032,"{""from_state"": ""queueing"", ""to_state"": ""riding"", ""patron_type"": ""adventurer"", ""position"": [1, 2]}"
9,2025-10-10T01:50:44.184497,patron_state_change,P035,"{""from_state"": ""queueing"", ""to_state"": ""riding"", ""patron_type"": ""explorer"", ""position"": [1, 2]}"
9,2025-10-10T01:50:44.184498,patron_state_change,P036,"{""from_state"": ""queueing"", ""to_state"": ""riding"", ""patron_type"": ""adventurer"", ""position"": [1, 2]}"
9,2025-10-10T01:50:44.184500,patron_state_change,P040,"{""from_state"": ""queueing"", ""to_state"": ""riding"", ""patron_type"": ""adventurer"", ""position"": [1, 2]}"
9,2025-10-10T01:50:44.184502,patron_state_change,P044,"{""from_state"": ""queueing"", ""to_state"": ""riding"", ""patron_type"": ""adventurer"", ""position"": [1, 2]}"
9,2025-10-10T01:50:44.184504,patron_state_change,P048,"{""from_state"": ""roaming"", ""to_state"": ""queueing"", ""patron_type"": ""adventurer"", ""position"": [1.7835656346053212, 2.1613223365363896]}"
9,2025-10-10T01:50:44.184506,patron_state_change,P052,"{""from_state"": ""roaming"", ""to_state"": ""queueing"", ""patron_type"": ""adventurer"", ""position"": [1.6020613557655023, 2.5268036862948144]}"
9,2025-10-10T01:50:44.184509,ride_state_change,Ride1,"{""from_state"": ""loading"", ""to_state"": ""running"", ""capacity"": 12, ""current_riders"": 9, ""queue_length"": 6}"
10,2025-10-10T01:50:44.404159,patron_state_change,P010,"{""from_state"": ""queueing"", ""to_state"": ""riding"", ""patron_type"": ""impatient"", ""position"": [23, 1]}"
11,2025-10-10T01:50:44.625740,patron_state_change,P000,"{""from_state"": ""roaming"", ""to_state"": ""queueing"", ""patron_type"": ""adventurer"", ""position"": [21.216094049006806, 2.605515355893879]}"
11,2025-10-10T01:50:44.625747,patron_state_change,P003,"{""from_state"": ""roaming"", ""to_state"": ""queueing"", ""patron_type"": ""explorer"", ""position"": [19.604501249491346, 1.8488746876271651]}"
11,2025-10-10T01:50:44.625749,patron_state_change,P009,"{""from_state"": ""queueing"", ""to_state"": ""riding"", ""patron_type"": ""family"", ""position"": [23, 1]}"
11,2025-10-10T01:50:44.625751,patron_state_change,P013,"{""from_state"": ""queueing"", ""to_state"": ""riding"", ""patron_type"": ""family"", ""position"": [23, 1]}"
11,2025-10-10T01:50:44.625752,patron_state_change,P014,"{""from_state"": ""roaming"", ""to_state"": ""queueing"", ""patron_type"": ""impatient"", ""position"": [15.0, 1.0]}"
11,2025-10-10T01:50:44.625754,patron_state_change,P015,"{""from_state"": ""roaming"", ""to_state"": ""queueing"", ""patron_type"": ""explorer"", ""position"": [18.100000000000005, 1.0]}"
11,2025-10-10T01:50:44.625756,patron_state_change,P029,"{""from_state"": ""queueing"", ""to_state"": ""riding"", ""patron_type"": ""family"", ""position"": [23, 1]}"
11,2025-10-10T01:50:44.625758,patron_state_change,P049,"{""from_state"": ""queueing"", ""to_state"": ""riding"", ""patron_type"": ""family"", ""position"": [23, 1]}"
11,2025-10-10T01:50:44.625760,patron_state_change,P053,"{""from_state"": ""queueing"", ""to_state"": ""riding"", ""patron_type"": ""family"", ""position"": [23, 1]}"
11,2025-10-10T01:50:44.625762,ride_state_change,Ride2,"{""from_state"": ""loading"", ""to_state"": ""running"", ""capacity"": 20, ""current_riders"": 8, ""queue_length"": 4}"
17,2025-10-10T01:50:46.127868,patron_state_change,P024,"{""from_state"": ""roaming"", ""to_state"": ""queueing"", ""patron_type"": ""adventurer"", ""position"": [12.75681698329428, 1.8758650857889456]}"
18,2025-10-10T01:50:46.405948,patron_state_change,P006,"{""from_state"": ""queueing"", ""to_state"": ""roaming"", ""patron_type"": ""impatient"", ""position"": [1.7525766947068777, 2.658504607868518]}"
18,2025-10-10T01:50:46.405964,patron_state_change,P014,"{""from_state"": ""queueing"", ""to_state"": ""roaming"", ""patron_type"": ""impatient"", ""position"": [15.0, 1.0]}"
18,2025-10-10T01:50:46.405967,patron_state_change,P019,"{""from_state"": ""roaming"", ""to_state"": ""queueing"", ""patron_type"": ""explorer"", ""position"": [18.673122898127005, 4.423312550038115]}"
20,2025-10-10T01:50:46.981513,patron_state_change,P007,"{""from_state"": ""queueing"", ""to_state"": ""roaming"", ""patron_type"": ""explorer"", ""position"": [1.685619930279656, 2.141157044469341]}"
21,2025-10-10T01:50:47.288600,patron_state_change,P015,"{""from_state"": ""queueing"", ""to_state"": ""roaming"", ""patron_type"": ""explorer"", ""position"": [18.100000000000005, 1.0]}"
21,2025-10-10T01:50:47.288611,patron_state_change,P022,"{""from_state"": ""roaming"", ""to_state"": ""queueing"", ""patron_type"": ""impatient"", ""position"": [18.232134684994787, 4.481630548433839]}"
22,2025-10-10T01:50:47.601115,patron_state_change,P052,"{""from_state"": ""queueing"", ""to_state"": ""roaming"", ""patron_type"": ""adventurer"", ""position"": [1.6020613557655023, 2.5268036862948144]}"
23,2025-10-10T01:50:47.936353,patron_state_change,P003,"{""from_state"": ""queueing"", ""to_state"": ""roaming"", ""patron_type"": ""explorer"", ""position"": [19.604501249491346, 1.8488746876271651]}"
23,2025-10-10T01:50:47.936367,patron_state_change,P015,"{""from_state"": ""roaming"", ""to_state"": ""queueing"", ""patron_type"": ""explorer"", ""position"": [17.400000000000006, 1.0]}"
23,2025-10-10T01:50:47.936370,patron_state_change,P052,"{""from_state"": ""roaming"", ""to_state"": ""queueing"", ""patron_type"": ""adventurer"", ""position"": [2.2041227115310047, 3.053607372589629]}"
25,2025-10-10T01:50:48.602994,patron_state_change,P048,"{""from_state"": ""queueing"", ""to_state"": ""roaming"", ""patron_type"": ""adventurer"", ""position"": [1.7835656346053212, 2.1613223365363896]}"
26,2025-10-10T01:50:48.949427,patron_state_change,P011,"{""from_state"": ""queueing"", ""to_state"": ""roaming"", ""patron_type"": ""explorer"", ""position"": [2.371239860559312, 2.2823140889386817]}"
26,2025-10-10T01:50:48.949439,patron_state_change,P014,"{""from_state"": ""roaming"", ""to_state"": ""queueing"", ""patron_type"": ""impatient"", ""position"": [7.0, 1.0]}"
26,2025-10-10T01:50:48.949441,patron_state_change,P015,"{""from_state"": ""queueing"", ""to_state"": ""roaming"", ""patron_type"": ""explorer"", ""position"": [17.400000000000006, 1.0]}"
26,2025-10-10T01:50:48.949443,patron_state_change,P027,"{""from_state"": ""roaming"", ""to_state"": ""queueing"", ""patron_type"": ""explorer"", ""position"": [17.204499436924618, 1.4852631431942358]}"
26,2025-10-10T01:50:48.949446,patron_state_change,P048,"{""from_state"": ""roaming"", ""to_state"": ""queueing"", ""patron_type"": ""adventurer"", ""position"": [2.3814922114378096, 2.692814395477426]}"
27,2025-10-10T01:50:49.295094,patron_state_change,P048,"{""from_state"": ""queueing"", ""to_state"": ""roaming"", ""patron_type"": ""adventurer"", ""position"": [2.3814922114378096, 2.692814395477426]}"
28,2025-10-10T01:50:49.674846,patron_state_change,P022,"{""from_state"": ""queueing"", ""to_state"": ""roaming"", ""patron_type"": ""impatient"", ""position"": [18.232134684994787, 4.481630548433839]}"
28,2025-10-10T01:50:49.674859,patron_state_change,P043,"{""from_state"": ""roaming"", ""to_state"": ""queueing"", ""patron_type"": ""explorer"", ""position"": [14.241439514811184, 4.1342656073566415]}"
28,2025-10-10T01:50:49.674861,patron_state_change,P048,"{""from_state"": ""roaming"", ""to_state"": ""queueing"", ""patron_type"": ""adventurer"", ""position"": [2.3814922114378096, 2.692814395477426]}"
